ID,sex,age,marital,Q4,Q5,Q6,Q7,Q15,Q16,Q17,Q18,Q21,Q19,Q24,Q25,Q101_1,Q101_2,Q101_3,Q101_4,Q101_5,Q101_6,Q101_7,Q101_8,Q101_9,Q101_10,Q101_11,Q101_12,Q101_13,Q101_14,Q101_15,Q101_16,Q101_17,Q101_18,Q101_19,Q101_20,Q48,Q95_1,Q95_2,Q95_3,Q95_4,Q95_5,Q95_6,Q95_7,Q95_8,Q95_9,Q95_10,Q95_11,Q95_12,Q95_13,Q95_14,Q95_15,source01
1106,2,19,2,2,0,6,0,1,1,2,1,2,9,1,1,1,1,1,1,3,1,1,5,1,1,1,1,1,1,1,1,1,1,1,2,4,4,4,4,3,4,5,5,4,5,4,5,5,5,4,5,1
1115,1,20,2,2,0,6,0,1,1,2,2,1,9,1,1,1,1,1,1,3,1,1,5,1,1,1,2,1,1,2,1,1,1,1,1,1,1,2,1,4,5,5,5,5,5,5,5,5,5,4,5,1
1196,1,20,2,2,0,6,0,2,2,2,2,2,9,1,1,1,0,3,3,5,1,1,1,5,2,1,2,2,3,2,3,3,2,2,1,3,3,3,3,3,3,3,3,3,3,4,4,5,5,5,5,1
1261,2,22,2,1,1,6,1,1,2,1,2, ,9,1,1,1,0,5,5,5,1,1,5,2,1,1,4,1,1,1,1,4,1,4,1,3,4,4,2,5,5,5,1,1,4,5,5,5,5,5,5,1
1160,1,27,2,2,0,6,0,1,2,2,2, ,9,1,1,1,0,2,2,5,1,1,4,2,1,1,1,1,1,1,1,3,1,1,1,3,4,4,3,4,3,4,3,3,3,5,5,5,5,4,5,1
1096,1,33,2,1,1,6,1,1, ,1, ,1,9,1,1,1,1,1,1,2,2,3,1,2,1,1,1,1,2,1,1,2,1,1,2,4,3,3,4,4,4,4,4,3,4,4,4,4,5,5,5,1
1094,2,39,1,1,1,6,1,1,1,1,1,2,9,1,1,1,1,1,1,3,1,1,5,5,1,1,1,1,1,1,1,1,1,1,1,3,1,1,1,5,5,3,3,3,3,5,5,5,5,5,5,1
1118,2,18,2,2,0,6,0,1,2,2,2,2,9,1,1,1,1,3,3,5,1,2,5,2,2,1,3,2,1,1,3,2,1,2,1,4,4,3,4,4,3,4,4,3,5,4,5,4,4,3,4,1
1172,2,18,2,2,0,6,0, ,2,2,2,2,9,1,1,1,0,2,2,3,1,1,4,2,2,1,1,1,2,1,3,3,2,3,2,3,4,4,3,4,2,4,3,3,5,5,5,4,4,4,4,1
1100,2,20,2,1,1,6,1,1,1,2,2, ,9,1,1,1,1,1,1,5,1,3,4,1,1,1,1,1,1,1,1,1,1,1,2,4,3,3,2,4,2,3,2,3,4,4,4,5,4,4,4,1
1274,2,20,2,2,0,6,0, ,2,2,2,2,9,1,1,1,0,4,4,3,1,2,2,2,2,1,3,2,3,3,3,4,2,4,3,3,4,3,3,4,4,4,4,3,4,4,3,4,4,4,4,1
1174,1,21,2,1,1,6,1,1, ,1, ,2,9,1,1,1,0,3,2,3,1,2,4,2,1,1,2,2,2,1,2,3,1,2,1,4,4,4,4,4,4,5,5,5,5,5,4,5,4,3,4,1
1121,2,23,2,1,1,6,1,1,1,1,1,2,9,1,1,1,1,2,3,3,1,1,4,2,3,1,1,1,1,1,2,2,1,1,2,4,4,4,4,5,5,4,4,4,4,4,3,4,4,4,4,1
1097,3,27,2,1,1,6,1,1,1,2,2,1,9,1,1,1,1,1,1,1,1,3,4,1,1,1,1,1,1,1,1,1,1,1,1,4,3,4,3,5,5,5,5,5,5,5,3,5,4,3,4,1
1302,2,27,1,2,0,6,0,2,2,2, ,2,9,1,1,0,0,4,4,4,1,2,4,3,2,2,4,2,4,1,4,5,3,4,2,3,3,2,2,3,3,4,4,4,4,4,2,2,2,2,4,1
1205,1,19,3,2,0,6,0,4,2,2,2,4,9,1,1,0,0,3,4,3,1,3,2,1,3,2,3,2,3,2,3,3,2,3,2,3,3,4,4,4,4,4,3,4,3,4,3,3,3,4,3,1
1237,2,19,2,1,1,6,1,2,2,2,2,2,9,1,1,1,0,4,4,3,3,3,4,2,4,2,3,2,4,2,4,4,2,4,3,3,2,3,3,4,3,3,2,2,4,4,2,5,4,3,3,1
1178,2,20,2,2,0,6,0,2,2,2,2,2,9,1,1,1,0,2,2, ,1,1,3,2,1,1,2,2,1,1,1,1,1,1,3,1,2,2,2,3,3,4,4,4,4,3,3,4,3,4,3,1
1210,2,20,2,2,0,6,0, , ,2,2,2,9,1,1,0,0,3,3,5,1,1,3,3,3,1,2,1,1,1,1,3,1,1,2,3,2,2,3,3,3,3,3,3,3,3,3,5,4,3,3,1
1207,1,21,2,1,1,6,1,2,4,2, ,2,9,1,1,0,0,3,3,3,4,3,5,3,3,3,3,3,3,3,3,3,3,3,3,4,3,4,3,3,3,3,3,3,3,3,3,3,3,3,3,1
1268,1,21,1,1,1,6,1,1,2,1,2,1,9,1,1,1,0,4,4,4,4,4,2,3,4,3,4,3,4,2,4,4,3,4,3,2,3,4,4,4,4,4,4,4,2,3,3,3,4,3,3,1
1152,1,23,2,2,0,6,0,2,4,1,4,2,9,1,1,1,0,4,2,2,1,2,2,1,1,1,1,2,1,1,1,4,2,3,2,3,3,3,3,3,3,3,2,3,2,4,4,1,3,3,3,1
1109,1,24,2,1,1,6,1,1,1,2,2,1,9,1,1,1,1,1,3,5,1,1,1,2,2,2,3,1,1,1,1,3,3,3,1,3,2,2,2,5,4,5,3,3,3,4,4,5,4,4,3,1
1223,2,27,2,1,1,6,1,2,4,2,4, ,9,1,1,0,0,4,4,3,5,2,4,1,2,1,2,1,2,1,2,3,1,1,2,3,3,2,3,4,4,4,1,1,3,5,2,3,3,5,3,1
1290,2,30,2,2,0,6,0,1,2,2,2,2,9,1,1,0,0,3,4,5,2,2,4,3,2,1,3,2,4,1,3,3,2,3,2,4,4,4,4,4,4,4,4,3,4,2,2,2,2,3,3,1
1275,1,32,2,2,0,6,0,1,1,1,1,2,9,1,1,1,0,3,3,3,3,3,3,4,2,1,3,3,3,2,3,3,2,3,2,2,3,3,3,1,3,3,3,3,3,3,2,3,2,2,3,1
1128,1,33,1,2,0,6,0,2, ,2, , ,9,1,1,1,1,4,2,5,4,4,4,2,2,2,3,2,3,1,3,3,2,3,2,4,3,3,4,2,3,4,2,2,4,2,3,4,4,4,3,1
1241,1,20,1,2,0,6,0,1,2,2,2, ,9,1,1,1,0,2,3,5,2,4,4,2,2,1,2,1,2,1,3,3,1,3,2,4,3,4,4,4,4,5,4,4,5,3,2,4,4,4,2,1
1209,1,22,2,2,0,6,0,2,2,2,2,2,1,2,2,0,0,4,4,2,1,2,1,3,4,5,3,2,5,3,3,5,3,3,2,3,4,4,5,4,4,4,4,4,4,2,1,2,2,2,2,1
1222,1,34,2,1,1,6,1,4, ,2,4,1,9,1,1,0,0,3,3,5,3,3,2,1,1,1,1,1,2,1,2,3,1,2,3,3,3,3,2,2,3,2,3,3,2,3,3,3,3,3,2,1
1079,2,24,2,1,1,6,1,2, ,2, ,2,9,1,1, , , , , , , , , , , , , , , , , , , , , ,2,2,3,5,4,5,5,5,5,1,1,1,1,2,1,1
1086,1,36,2,1,1,6,1,1,2,2,2,2,9,1,1,1,1,1,1,1,1,3,5,1,1,1,1,1,5,1,1,5,1,1,3,5,3,4,3,5,5,5,1,5,2,1,1,1,1,4,1,1
1120,1,39,2,1,1,6,1, ,2,2, ,2,9,1,1,1,1,2,2,4,1,1,3,4,1,1,1,1,1,1,1,1,1,1,2,1,3,2,4,5,5,5,4,4,4,1,1,1,1,3,1,1
1056,2,18,2, , , , , , , , , , , , , , , , , , , , , , , , , , , , , , , , , , , , , , , , , , , , , , , , ,1
1026,1,18,2, , , , , , , , , , , , , , , , , , , , , , , , , , , , , , , , , , , , , , , , , , , , , , , , ,1
1031,2,18,2, , , , , , , , , , , , , , , , , , , , , , , , , , , , , , , , , , , , , , , , , , , , , , , , ,1
1051,2,18,2, , , , , , , , , , , , , , , , , , , , , , , , , , , , , , , , , , , , , , , , , , , , , , , , ,1
1075,2,18,2, , , , , , , , , , , , , , , , , , , , , , , , , , , , , , , , , , , , , , , , , , , , , , , , ,1
1077,2,18,2, , , , , , , , , , , , , , , , , , , , , , , , , , , , , , , , , , , , , , , , , , , , , , , , ,1
1019,1,19,2, , , , , , , , , , , , , , , , , , , , , , , , , , , , , , , , , , , , , , , , , , , , , , , , ,1
1036,2,19, , , , , , , , , , , , , , , , , , , , , , , , , , , , , , , , , , , , , , , , , , , , , , , , , ,1
1043,2,19,2, , , , , , , , , , , , , , , , , , , , , , , , , , , , , , , , , , , , , , , , , , , , , , , , ,1
1300,2,19,2,1,1,6,1,1, ,2,2, ,9,1,2,0,0,4,2,4,4,2,5,2,2,2,1,1,4,1,3,5,1,4,3,3, , , , , , , , , , , , , , , ,1
1054,2,20,2, , , , , , , , , , , , , , , , , , , , , , , , , , , , , , , , , , , , , , , , , , , , , , , , ,1
1057,2,20,3,1,1,1, , , , , , , , , , , , , , , , , , , , , , , , , , , , , , , , , , , , , , , , , , , , , ,1
1073,1,20,2,2,0,6,0,1, ,1,2, ,9,1,1, , , , , , , , , , , , , , , , , , , , , , , , , , , , , , , , , , , , ,1
1143,2,20,3,1,1,6,1,2,2,2,2,2,9,1,1,1,1,3,3,5,2,2,3,2,4,3,3,2,2,2,2,4,3,3,3,3, , , , , , , , , , , , , , , ,1
1039,1,21,2,2,0,6,0, , , , , , , , , , , , , , , , , , , , , , , , , , , , , , , , , , , , , , , , , , , , ,1
1053,1,21,2, , , , , , , , , , , , , , , , , , , , , , , , , , , , , , , , , , , , , , , , , , , , , , , , ,1
1082,1,21,2, , , , , , , , , , , , , , , , , , , , , , , , , , , , , , , , , , , , , , , , , , , , , , , , ,1
1023,1,22,2,1,1,6,1,2,2,2,2,2,9,1,1, , , , , , , , , , , , , , , , , , , , , , , , , , , , , , , , , , , , ,1
1166,2,23,2,2,0,6,0,1, ,2,2,2,9,1,1,1,0,2,4,2,1,2,4,2,1,1,1,1,1,1,2,4,1,2,2,4, , , , , , , , , , , , , , , ,1
1008,2,26,2,1,1,6,1,1,2,2, , ,9,1,1, , , , , , , , , , , , , , , , , , , , , , , , , , , , , , , , , , , , ,1
1078,1,31,2, , , , , , , , , , , , , , , , , , , , , , , , , , , , , , , , , , , , , , , , , , , , , , , , ,1
1080,1,31,1,1,1,6,1,2,4,2, , ,9,1,1, , , , , , , , , , , , , , , , , , , , , , , , , , , , , , , , , , , , ,1
1074,1,32,2, , , , , , , , , , , , , , , , , , , , , , , , , , , , , , , , , , , , , , , , , , , , , , , , ,1
1353,2,18,2,1,3,2,2,2, ,2, ,2,2,2,3,0,0,4,5,1,1,4,2,3,2,2,3,2,3,1,3,3,1,3,2,3,2,2,4,4,4,5,4,1,4,3,2,4,3,5,5,1
1161,2,19,2,1,2,3,2,1,2,2,2, ,1,1,1,1,0,2,1,1,1,1,1,1,1,1,1,1,1,1,2,1,2,3,1,4,2,4,2,4,3,3,4,4,4,5,4,5,5,4,5,1
1197,2,19,2,1,2,1,2,1,1,1,1,2,9,2,2,1,0,2,2,2,2,4,5,1,1,3,1,1,1,1,1,3,1,2,2,5,4,4,4,3,4,3,3,5,5,5,5,5,5,5,5,1
1235,2,20,2,1,2,1,1,1,1,1,1,2,9,1,1,1,0,2,1,2,3,3,4,1,1,1,1,1,1,1,1,1,1,2,1,5,1,1,1,4,2,4,4,2,2,5,4,5,5,5,5,1
1246,1,20,2,1,3,1,2,1,1,1,1,2,1,2,2,1,0,5,5,2,2,4,4,3,3,2,2,2,4,2,4,5,2,3,2,3,3,2,3,4,4,4,4,3,4,5,5,5,5,5,5,1
1322,1,20,2,1,4,1,2,1,2,2,2,1,9,2,4,1,0,4,5,1,3,4,4,2,4,1,4,4,5,2,5,5,2,5,3,4,5,5,5,2,5,5,5,5,5,5,2,3,4,3,5,1
1341,1,20,2,1,2,1,2,1,2,2,2,2,9,1,1,1,0,5,5,3,3,4,5,2,2,3,4,4,5,2,5,5,3,4,1,3,1,3,1,5,5,5,5,5,5,2,2,4,4,5,5,1
1104,2,21,2,1,2,2,1,1,1,1,1,1,9,3,2,1,1,2,2,2,1,1,5,5,1,2,2,2,3,2,1,3,2,2,2,4,1,1,1,4,4,4,4,4,4,4,3,4,4,5,5,1
1138,2,21,2,1,2,2,2,1,1,2, ,2,3,1,1,1,1,2,2,1,1,1,4,1,1,1,1,1,2,1,2,2,1,2,2,4,2,2,4,4,4,4,3,4,4,4,3,5,5,4,5,1
1377,2,21,2,1,2,2,2,1,1,2,2,2,9,1,1,0,0,5,4,2,1,4,3,3,2,2,2,2,2,1,2,4,1,2,2,2,2,2,2,5,5,5,4,5,5,3,4,4,4,4,5,1
1378,2,21,2,1,3,2,2,1,1,2,2,2,9,2,2,0,0,4,1,2,1,1,1,5,4,1,5,1,5,1,5,5,1,5,5,1,3,3,3,5,4,5,5,5,5,5,1,5,1,5,5,1
1232,1,23,2,1,3,1,3,1,1,2,2,1,1,2,3,1,0,3,4,1,3,4,5,3,3,1,1,1,1,1,1,4,2,2,1,4,2,3,3,3,3,4,4,4,5,5,4,5,5,5,5,1
1135,2,35,2,1,2,3,2,1,1,2,2,2,9,1,1,1,1,3,1,2,1,2,5,1,1,1,1,1,1,1,1,1,1,1,1,3,4,2,2,2,1,3,3,3,3,2,2,5,4,5,5,1
1105,1, ,2,1,2,1,1,1,2,1,2,1,9,1,1,1,1,2,3,3,2,2,2,2,1,1,1,3,1,1,1,1,1,1,1,2,4,4,3,3,3,2,2,2,4,4,4,4,4,4,4,1
1173,2,18,2,1,2,2,1,2,2,2,2,2,9,1,2,1,0,4,2,2,3,4,3,2,2,2,2,1,2,2,2,2,2,2,2,4,2,2,3,4,4,4,4,2,3,5,4,4,4,3,4,1
1175,2,18,2,1,2,1,1, , ,2, ,2,9, , ,1,0,2,2,2,2,2,3,2,2,2,3,2,3,2,2,3,2,3,3,3,4,4,2,3,4,3,3,3,3,3,4,4,4,4,4,1
1264,2,18,2,1,2,2,1,1,1,1,1,2,1,1,1,1,0,3,2,3,2,3,4,3,2,2,2,2,2,2,2,2,2,2,2,4,2,2,2,3,4,4,4,4,4,4,3,4,4,3,4,1
1395,1,18,2,1,3,1,2,1,1,2,2,2,1,2,2,0,0,5,5,2,2,4,3,1,1,1,4,4,5,1,5,5,1,5,1,4,3,3,4,3,2,2,2,1,1,4,4,5,4,3,4,1
1123,1,19,2,1,2,1,1,2,2,2,2,2,9,2,1,1,1,3,3,4,2,2,4,2,3,4,3,2,3,2,3,3,3,3,2,4,2,3,4,4,4,4,4,4,4,4,2,4,4,4,4,1
1176,2,19,2,1,2,3,2,1,1,2, ,2,4,2,2,1,0,2,4,2,1,1,3,3,2,1,2,1,3,1,3,3,1,3,2,1,3,3,4,5,4,5,4,5,4,2,2,3,3,4,4,1
1313,2,19,2,1,3,2,2,1,2,2, ,2,1,3,3,0,0,3,4,2,4,4,4,2,2,1,2,2,4,1,4,4,2,4,2,4,2,2,4,5,4,4,4,4,5,4,4,5,5,4,4,1
1316,2,19,2,1,2,3,2,1,1,1,1,2,2,2,3,0,0,4,2,2,2,4,4,2,2,3,2,2,3,1,3,3,2,3,2,4,2,2,3,4,4,2,2,2,4,5,2,4,4,4,4,1
1125,2,20,2,1,2,1,1,1, ,1, ,2,9,1,2,1,1,3,4,4,2,2,4,2,2,1,1,2,3,1,2,4,2,2,1,4,4,4,4,5,4,5,4,2,5,4,2,4,3,4,4,1
1193,2,20,2,1,2,3,2,2,2,2, ,2,1,1,1,1,0,2,2,4,1,3,4,2,2,1,2,2,2,1,2,3,1,2,2,4,2,4,3,5,4,4,4,2,5,3,4,5,3,5,4,1
1272,2,20,2,1,2,1,3,2,2,2,2,2,2,1,3,1,0,4,4,2,1,1,4,4,2,2,2,1,4,2,4,4,1,2,4,4,4,4,4,5,3,4,4,4,4,4,2,5,2,5,4,1
1289,1,20,2,1,2,1,2,1,2,2, , ,4,3,2,0,0,4,4,4,1,1,4,3,1,1,2,2,3,2,2,4,2,3,2,4,2,4,4,4,4,4,4,4,4,4,3,4,4,4,4,1
1112,1,21,2,1,2,1,2, , ,2, ,2,1,2,1,1,1, ,2,2,1,1,2,2,1,1, ,1,1,1,1,1,1,1,1,1,2,2,2,1,2,1,2,3,3, ,5,5,4,4,4,1
1157,1,21,2,1,2,3,2,2, ,2, ,2,9,1,1,1,0,4,4,4,1,1,2,4,2,1,4,2,2,1,2,4,1,3,4,1,3,3,3,4,1,4,2,2,4,4,2,4,3,5,4,1
1184,2,21,3,1,2,2,2,1,2,2, ,2,9,2, ,1,0,3,3,3,2,3,4,2,2,1,2,2,2,1,2,2,2,2,2,3,3,4,5,3,4,3,4,4,4,2,2,3,2,3,4,1
1260,2,21,2,1,2,2,1,1,1,1,1,2,1,2,1,1,0,4,2,1,1,2,1,2,2,2,1,4,2,1,1,4,1,2,2,3,4,4,4,4,4,4,4,4,4,2,2,5,5,4,4,1
1102,2,23,1,1,2,2,2,1,2,1,2,2,9,1,1,1,1,1,3,2,1,3,4,2,1,1,1,2,1,1,1,1,1,1,1,3,3,3,3,1,1,1,1,1,1,3,1,4,3,4,4,1
1111,1,23,1,1,3,2,2,1,2,2, ,2,1,2,2,1,1,1,1,1,1,2,4,1,1,1,1,2,1,1,1,2,1,1,4,5,5,4,4,4,2,5,1,5,4,5,3,5,4,3,4,1
1361,2,25,2,1,2,3,2,1,2,1,2,2,9,1,1,0,0,5,5,4,3,4,3,3,5,2,2,1,3,1,3,4,2,4,1,3,3,4,4,4,4,5,5,5,5,4,2,3,3,4,4,1
1116,2,26,2,1,2,2,2,1,2,2,2, ,9,2,1,1,1,2,2,1,1,2,4,1,1,1,1,1,1,1,1,1,1,1,2,4,4,3,4,4,4,4,4,3,2,5,4,4,5,2,4,1
1245,1,26,2,1,2,3,2,1,1,2, ,1,3,4,5,1,0,4,4,2,2,2,5,1,2,1,1,1,2,1,3,4,1,1,1,4,4,4,4,4,5,5,5,5,5,4,4,4,4,2,4,1
1091,2,27,2,1,2,1,2,1,2,1,2,2,1,3,5,1,1,1,1,1,1,1,2,1,1,2,1,1,1,1,1,2,1,2,2,4,2,2,2,4,4,4,4,4,4,3,3,3,3,4,4,1
1130,1,27,2,1,3,2,2,2, ,1,2,2,2,2,2,1,1,2,3,3,3,3,2,3,1,3,2,2,2,1,3,3,1,3,2,3,3,3,3,3,3,4,3,2,2,4,4,4,4,4,4,1
1226,2,27,2,1,2,1,1,2, ,2, ,2,1,1,2,0,0,4,4,4,2,2,3,2,3,2,4,3,4,4,4,4,3,3,3,3,3,4,3,4,4,4,4,4,4,3,3,4,3,4,4,1
1140,2,29,2,1,2,1,1,1,2,1,1,2,2,1,1,1,1,2,2,3,4,4,5,3,1,1,2,2,2,1,1,3,1,2,2,4,2,4,3,4,4,4,4,2,4,5,3,4,4,5,4,1
1134,2,30,1,1,2,3,1,1,2,2,2,2,9,2,1,1,1,4,4,4,4,4,4,4,3,1,4,2,4,2,4,4,4,3,1,3,4,4,4,5,5,2,4,3,5,3,3,5,2,5,4,1
1390,1,30,2,1,2,3,2,1,2,2, ,2,9,1,2,0,0,3,1,5,2,4,4,4,1,4,1,1,1,1,1,1,1,1,1,1,3,3,3,4,4,4,2,4,5,2,2,2,2,3,4,1
1098,2,35,1,1,2,1,1,1,2,2,2,2,1,1,1,1,1,4,4,2,4,4,3,3,2,2,2,2,2,1,1,2,1,2,2,4,3,3,2,4,3,4,4,2,5,4,3,4,2,4,4,1
1306,2,35,2,1,3,2,2, , ,2, ,2,1,2,1,0,0,4,5,3,4,4,3,3,2,2,2,1,2,1,1,2,1,2,2,3,4,4,3,4,4,4,4,4,4,4,4,4,4,5,4,1
1195,1,39,2,1,2,1,1,1,1,1,1,2,1,1,2,1,0,3,4,3,1,1,4,1,1,1,1,1,1,1,2,2,1,2,1,4,2,3,4,4,5,3,3,3,5,5,3,5,3,4,4,1
1122,2,43,2,1,2,2,2,1,1,2,2,2,3,2,3,1,1,3,4,2,1,1,4,3,2,2,2,2,3,1,1,3,2,3,2,3,3,3,4,4,4,4,4,4,4,4,4,4,4,4,4,1
1139,2,50,1,1,2,2,1,2, ,2, ,2,1,1,1,1,1,3,3,5,3,3,5,3,1,1,1,2,2,2,2,2,1,3,3,3,3,3,3,4,4,4,4,4,4,3,3,3,3,4,4,1
1085,2,18,2,1,3,1,1,1,1,2,2,2,2,2,1,1,1,1,1,1,1,3,1,1,1,1,1,1,1,1,1,5,1,1,1,1,4,1,5,5,5,5,5,5,5,5,1,4,4,1,3,1
1206,2,18,2,1,2,2,2,2, ,2, ,2,9,1,1,0,0,3,3,2,1,4,1,2,2,1,3,2,3,1,3,3,1,3,3,3,3,3,3,3,3,3,3,3,5,3,3,3,4,4,3,1
1283,1,18,2,1,4,1,1,2, ,2, ,2,2,1,2,0,0,4,4,3,2,5,2,2,1,3,1,1,3,2,3,3,2,3,2,4,2,2,3,4,5,4,3,3,3,3,3,4,3,3,3,1
1314,2,18,1,1,2,2,1,1,1,2,2,2,9,1,1,0,0,4,3,3,3,3,3,2,3,1,2,2,2,1,2,4,2,2,2,3,4,4,4,4,3,4,4,4,4,4,3,4,3,3,3,1
1133,2,19,2,1,2,1,1,1,2,2, ,2,9,2,2,1,1,2,4,3,1,1,4,3,2,2,2,2,3,2,3,3,2,3,2,4,3,4,4,5,4,4,4,4,5,4,3,4,4,2,3,1
1185,2,19,2,1,2,2,2,1,1,2,2,2,9,1,1,1,0,3,2,2,4,4,2,2,2,2,3,2,3,2,3,3,2,3,2,3,3,3,4,3,3,3,3,3,3,3,3,3,3,3,3,1
1215,2,19,2,1,2,1,1,2, ,2, ,2,1,1,1,0,0,3,3,3,3,3,3,3,3,3,3,3,3,3,3,3,3,3,3,3,3,3,3,5,5,5,5,5,5,3,3,3,3,3,3,1
1279,2,19,2,1,2,1,1,1,1,2, ,2,1,1,1,1,0,3,3,2,1,2,4,2,3,2,2,2,3,3,3,3,2,3,2,4,3,3,3,3,4,3,3,3,4,2,2,5,3,4,3,1
1288,2,19,2,1,2,2,1,1, ,1, ,2,9,1,1,0,0,3,4,2,3,3,3,3,3,2,2,2,2,2,2,3,2,3,3,3,3,3,3,4,4,4,4,4,4,3,3,4,3,2,3,1
1132,2,20,2,1,2,3,2,2,2,2,2, ,1,1, ,1,1,2,2,3,5,5,2,2,2,2,2,2,2,2,3,4,2,2,3,3,2,3,2,4,2,4,2,2,4,4,2,4,2,3,3,1
1188,2,20,2,1,3,1,2,2, ,2,2,2,3,2,4,1,0,4,4,2,4,3,5,2,3,3,3,2,3,2,3,4,2,3,2,4,4,4,4,4,4,4,4,4,4,4,2,4,4,3,3,1
1192,2,20,2,1,2,3,2,1,1,2,2, ,1,2,1,1,0,3,3,1,1,2,3,2,3,1,2,2,3,1,3,3,1,2,2,4,4,3,4,4,4,3,4,3,3,4,3,3,4,4,3,1
1217,1,20,2,1,2,1,1,2,2,2,2, ,9,2,3,0,0,3,3,2,2,2,3,3,2,1,2,2,3,1,3,3,1,4,3,3,3,3,3,3,3,3,3,3,3,3,3,3,3,3,3,1
1218,1,20,2,1,2,2,1, , ,2,2, ,1,2,2,0,0,3,3,2,3,3,2,3,2,3,2,3,3,1,3,3,2,3,2,3,4,4,4,4,3,4,3,3,4,4,3,4,4,3,3,1
1351,2,20,2,1,3,2,2,2, ,2, ,2,3,1,3,1,0,4,4,5,2,4,4,2,4,4,4,1,4,1,4,4,3,3,2,2,2,4,4,4,5,5,4,4,4,2,2,4,2,3,3,1
1391,2,20,2,1,3,1,2,1, ,2, ,2,9,2,2,0,0,5,5,4,3,3,3,2,1,3,3,3,5,2,3,4,2,3,3,3,3,4,4,5,4,5,5,5,5,4,4,5,4,4,3,1
1141,2,21,2,1,2,2,2,2,2,2,2,2,1,4,2,1,1,1,1,1,1,1,3,3,1,1,1,1,1,1,1,1,1,1,2,2,3,3,3,4,3,4,3,2,5,4,3,5,3,3,3,1
1151,2,21,2,1,2,3,2,1,2,2,2,2,2,2,2,1,0,3,3,2,1,1,2,3,3,2,3,2,3,3,3,3,3,2,2,3,3,2,3,4,3,4,3,4,4,3,3,4,3,4,3,1
1180,2,21,3,1,2,1,1,2, ,2, ,2,9,1,1,1,0,3,2,4,2,2,3,2,5,2,2,1,1,1,1,1,1,2,2,3,3,3,3,2,2,3,2,3,2,3,3,3,3,3,3,1
1250,1,21,2,1,2,3,2,1,2,2,2,2,2,2,3,1,0,3,3,1,2,3,3,2,2,2,2,2,3,2,3,3,2,3,3,3,3,3,4,4,4,4,4,4,4,3,3,4,4,3,3,1
1254,2,21,3,1,2,3,2, ,2,2, ,2,2, ,4,1,0,4,3,2,2,3,3,3,1,1,1,1,1,1,1,1,1,2,1,4,3,4,2,4,1,3,2,3,4,2,2,5,3,5,3,1
1304,1,21,2,1,3,2,2,1,2,1,2,2,3,3,1,0,0,4,4,3,2,3,3,3,2,1,1,2,3,1,3,3,1,2,3,3,4,4,3,3,3,3,3,3,3,3,3,3,3,3,3,1
1319,1,21,2,1,2,1,2,2, ,2, ,2,2,3,3,0,0,3,5,5,2,4,5,3,2,2,4,1,4,1,5,5,2,4,1,1,4,2,3,4,5,4,3,3,5,3,3,3,3,4,3,1
1153,2,22,2,1,3,2,2,1,1,2,2,2,1,3,3,1,0,3,4,2,1,4,3,2,1,1,3,1,2,1,1,3,1,2,1,4,1,4,2,4,3,4,4,4,4,4,4,4,2,5,3,1
1227,2,22,2,1,2,2,1,1,2,2,2,2,9,2,2,0,0,3,3,3,3,3,3,3,3,3,3,3,3,3,3,3,3,3,3,4,3,3,3,4,4,4,4,4,4,4,3,3,3,3,3,1
1247,1,22,1,1,2,1,1,1,1,1,1,1,1,3,1,1,0,4,4,2,5,5,4,2,3,4,2,1,1,1,1,3,1,2,1,2,2,2,2,3,4,4,4,3,4,2,4,2,2,3,3,1
1325,1,22,2,1,2,3,2,1,2,1,2,2,9,3,5,1,0,4,3,2,3,3,3,3,2,2,2,2,4,2,4,3,2,3,3,5,2,4,2,4,3,4,3,3,3,2,2,2,2,4,3,1
1371,1,22,2,1,2,3,2,1,2,2,2,2,9,1,1,0,0,5,5,5,3,3,3,4,5,4,5,2,4,2,4,4,1,5,2,2,3,3,4,4,4,4,3,3,4,3,3,3,3,5,3,1
1108,2,23,2,1,2,2,2,2, ,2, ,2,9,4,5,1,1,3,2,2,1,3,2,2,2,2,3,2,3,1,1,4,3,3,2,3,3,3,4,5,5,4,4,5,5,3,3,4,4,4,3,1
1142,1,23,2,1,2,3,2,1, ,1, ,2,1,1,4,1,1,4,4,2,1,2,3,4,3,5,5,2,5,4,4,5,1,4,3,3,2,3,2,2,4,3,4,1,4,1,1,3,2,3,3,1
1213,1,23,2, ,2,1,1, ,2,2,2,2,9,2, ,0,0,2,4,2,5,5,3,4,2,1,4,1,4,4,4,3,3,2,2,3,3,4,3,4,4,4,5,3,5,5,5,5,3,3,3,1
1090,1,27,2,1,2,1,1,1,2,2,2,2,9,1,1,1,1,1,3,4,3,3,4,3,1,1,1,2,2,2,1, ,1,1,2,4,4,2,3,4,4,5,4,3,5,4,5,5,5,5,3,1
1294,2,29,2,1,2,2,2,1,1,1,1,2,2,2,2,0,0,4,4,2,4,4,4,2,3,2,4,2,2,1,2,4,3,4,2,4,1,3,2,3,5,5,5,5,3,4,1,3,2,5,3,1
1169,1,30,1,1,3,2,1,2,2,2,2,2,1,1,2,1,0,4,4,4,1,2,3,2,3,1,1,1,3,1,3,3,1,3,1,5,3,3,3,5,5,5,5,5,5,3,3,3,3,3,3,1
1093,1,39,2,1,2,1,1,2,2,2,2,2,9,1,1,1,1,1,3,5,3,3,5,1,1,1,2,1,3,1,2,3,2,2,3,5,1,1,1,5,3,5,3,3,3,3,4,3,3,3,3,1
1199,1,40,1,1,3,2,2,1,2,2, ,2,3,2,2,1,0,4,4,2,4,4,2,2,2,2,3,2,2,1,3,4,1,3,2,4,3,3,3,2,2,4,2,4,4,4,4,3,3,5,3,1
1084,1,51,2,1,2,1,1, , ,2, ,2,9,1,1,1,1,1,2,5,3,3,4,4,1,1,1,1,1,1,1,1,1,1,2,5,4,4,4,4,4,5,5,4,3,4,3,5,4,5,3,1
1148,2,53,1,1,3,1,1,2, ,2, ,2,1,2,1,0,1,4,2,5,3,3,4,1,1,1,1,1,1,1,1,1,1,1,1,4,3,3,2,5,5,5,5,5,5,3,3,3,3,4,3,1
1182,1,55,2,1,2,1,1,2, ,2, ,2,1,2,1,1,0,3,4,2,2,3,4,2,1,2,1,1,2,1,1,3,1,3,2,4,3,3,3,4,3,4,4,4,5,3,3,3,3,3,3,1
1194,1,55,1,1,3,1,1,2, ,2, ,2,2,2,1,1,0,4,4,5,4,4,3,4,1,1,2,1,3,1,3,4,2,3,2,3,3,4,3,4,4,5,3,3,5,1,1,1,1,3,3,1
1156,2,58,1,1,2,1,1,1,1,1,1,2,9,1,2,1,0,2,3,2,1,3,3,1,1,1,1,1,2,1,3,2,1,2,1,1,2,2,4,4,4,5,5,5,5,3,3,1,4,5,3,1
1221,2,58,2,1,3,1,1,2,2,2,2,2,2,2,1,0,0,3,4,3,1,1,4,2,1,1,1,2,2,1,2,2,1,1,2,3,3,4,4,4,4,4,3,4,4,4,3,4,5,4,3,1
1101,2,18,2,1,2,1,1,1,2,2,2,2,9,1,2,1,1,1,2,1,1,1,1,2,1,1,2,1,3,1,3,3,1,2,1,4,4,3,4,3,4,3,2,2,2,3,3,2,2,2,2,1
1163,2,18,2,1,2,1,1,1,2, ,2,2,9,1,1,1,0,3,3,5,1,3,1,2,1,1,3,2,3,2,3,3,2,3,3,1,3,3,3,4,3,3,3,3,3,2,2,3,2,2,2,1
1214,1,19,2,1,2,2,2,1,1,2,4, ,4,1,3,0,0,3,3,4,3,2,1,3,3,3,5,3,4,3,3,2,2,4,4,2,2,2,4,4,5,2,3,4,2,4,5,3,4,3,2,1
1252,2,19,2,1,3,1,2,2,2,2,2,2,1,2,1,1,0,4,5,1,3,4,4,3,2,1,2,1,2,1,2,4,1,2,1,4,3,3,4,4,5,4,4,4,3,1,2,3,2,4,2,1
1345,1,19,2,1,3,2,2,1,2,2,2,2,1,2,3,1,0,5,5,2,3,3,4,1,3,1,1,2,3,1,4,5,2,3,2,3,4,4,4,4,4,4,4,4,4,4,3,5,3,2,2,1
1126,2,20,2,1,3,2,2,1,1,2, ,2,9,2,5,1,1,2,2,1,2,3,3,1,2,1,2,1,2,1,1,3,1,2,1,4,2,2,2,5,3,4,2,1,4,2,2,5,3,4,2,1
1181,1,20,2,1,4,1,2,1,1,2,2,2,2,2,2,1,0,3,2,1,1,3,3,2,2,2,1,1,2,1,1,3,1,2,2,4,4,4,4,4,4,4,4,4,4,4,2,4,3,4,2,1
1190,2,20,2,1,2,2,2,2,2,2,2,2,9,1,5,1,0,3,3,2,1,1,2,2,2,1,1,2,1,1,4,4,2,2,1,3,3,4,4,5,3,4,4,3,4,2,2,5,2,4,2,1
1263,2,20,2,1,2,3,2,1,2,2,4,1,1,2,1,1,0,4,3,2,3,3,4,2,3,2,4,2,2,2,3,4,2,2,2,4,4,4,4,3,4,4,4,4,4,2,2,3,2,2,2,1
1286,1,20,2,1,2,3,2,2, ,2,2,2,2,3,2,0,0,3,3,2,2,2,4,3,3,2,2,2,3,2,3,3,2,2,2,2,4,2,2,4,4,4,3,3,4,3,3,4,3,3,2,1
1328,2,20,3,1,4,1,2,1,2,2,2,2,2,2,1,1,0,5,5,1,1,2,1,2,3,1,2,2,1,1,1,4,1,4,2,3,2,2,2,2,2,2,2,2,2,2,1,4,3,4,2,1
1336,2,20,2,1,2,3,2,2,2,2,2,2,2,2,3,1,0,5,3,2,4,4,4,2,4,1,1,2,2,2,2,4,2,2,2,4,1,1,1,4,4,4,5,5,5,4,4,4,3,2,2,1
1212,2,21,2,1,2,2,1,2, ,2, ,2,1,2,2,0,0,3,3,3,1,1,3,3,3,1,2,2,3,1,3,3,1,3,3,4,3,3,3,3,4,3,3,3,3,2,2,2,2,3,2,1
1258,1,21,2,1,2,2,2,2, ,2, ,2,2,2,2,1,0,3,2,2,2,3,4,2,1,2,2,1,3,1,4,4,2,4,2,4,4,2,4,4,4,2,2,2,4,2,2,4,2,4,2,1
1267,2,21,2,1,2,2,2,1,2,2,2,2,1,2,2,1,0,4,3,2,1,1,4,2,3,1,1,2,3,1,2,2,1,2,2,3,1,1,2,4,3,3,3,3,4,2,2,4,4,4,2,1
1299,1,21,2,1,2,2,2,1,2,1,2,2,9,3,3,0,0,3,4,2,2,3,4,3,3,3,1,2,4,1,3,5,2,2,2,3,3,4,3,4,4,3,4,3,2,3,3,4,2,2,2,1
1396,1,21,2,1,2,2,1,2,2,2,2, ,9,1, ,0,0,3,3,4,2,2,2,4,3,2,2,2,4,2,3,4,3,4,3,2,4,3,4,4,3,3,3,3,4,2,2,2,2,2,2,1
1170,2,22,2,1,2,2,2,2,2,2,2,2,9,2,1,1,0,2,1,3,1,3,2,2,1,1,2,1,1,1,1,3,1,1,2,2,3,4,2,4,2,4,4,4,4,4,1,5,3,4,2,1
1342,1,22,2,1,3,2,1,1,2,2,2,2,9,2,3,1,0,4,4,1,2,4,4,2,2,1,1,1,4,2,4,4,2,4,4,4,4,5,5,5,2,2,2,3,5,2,4,4,2,4,2,1
1187,2,23,2,1,2,3,2,1,2,1,2,2,9,3,1,1,0,3,3,2,1,3,3,2,4,1,2,1,3,3,3,3,3,3,2,4,2,4,2,4,4,4,4,2,3,4,4,4,4,4,2,1
1131,1,25,2,1,2,1,1,1,2,2,2,2,9,2,2,1,1,3,3,4,2,2,3,2,4,2,3,2,2,2,2,3,2,3,3,3,4,4,4,4,4,4,4,4,4,4,3,3,3,2,2,1
1303,2,29,1,1,2,2,2,2,2,2,2,2,1,2,1,0,0,5,5,4,1,1,4,1,1,1,1,1,1,1,1,1,1,1,1,3,2,2,2,4,4,4,4,4,4,5,2,5,2,4,2,1
1255,1,19,2,1,3,1,2,2,2,2,2,2,2,2,3,1,0,4,4,2,2,4,5,1,1,1,1,1,1,1,3,4,1,2,2,4,2,4,2,5,5,5,5,2,5,4,2,5,2,4,1,1
1089,2,20,2,1,2,2,2,1,1,1,1,2,9,2,1,1,1,1,5,2,1,1,3,2,1,1,1,1,5,4,4,5,4,3,1,2,1,1,1,1,1,1,1,1,1,1,1,1,1,1,1,1
1216,2,20,1,1,2,2,1,1,2,2,2, ,9,2,3,0,0,3,4,1,1,4,1,1,1,1,1,1,2,1,1,4,1,2,2,5,2,3,3,2,4,3,4,1,5,2,1,1,1,3,1,1
1225,2,20,2,1,2,3,2,1,1,2, ,2,3,2,2,0,0,3,3,3,1,3,2,2,3,2,2,3,3,3,3,3,2,3,3,3,3,3,3,4,4,4,4,4,4,1,1,1,1,3,1,1
1103,1,28,2,1,2,1,3,2,1,2, ,2,1,2,1,1,1,1,1,1,1,1,4,2,2,2,1,1,1,1,1,1,1,1,1,3,3,4,4,4,5,5,5,5,5,1,1,1,1,1,1,1
1088,1,30,2,1,2,3,2,1,1,1,1,2,9,1,1,1,1,1,1,2,2,2,5,1,1,1,1,1,1,1,1,1,1,1,1,1,5,5,5,3,2,3,3,3,5,1,1,1,1,1,1,1
1256,1,35,3,1,2,2,2,2,2,2,2,2,2,1,1,1,0,4,4,5,3,3,2,4,2,2,2,2,2,2,2,3,2,2,2,3,3,3,3,4,4,4,4,4,4,1,1,1,1,1,1,1
1136,1,42,2,1,4,2,1,2, ,2, ,2,3,2,3,1,1,2,3,3,1,1,3,2,2,2,1,1,1,1,1,2,2,1,1,3,1,3,4,5,5,5,5,5,3,4,4,3,4,3,1,1
1095,1,44,1,1,2,1,1,1,2,2, ,2,9,2,1,1,1,3,1,5,1,3,3,1,1,1,1,1,2,1,1,1,1,1,1,1,1,1,1,5,5,5,5,5,5,5,1,1,1,1,1,1
1012,2,18,2,1,2,3,2, , , , , , , , , , , , , , , , , , , , , , , , , , , , , , , , , , , , , , , , , , , , ,1
1067,2,18,3,1,2,1,1,1,2,2,2,2,9,1,1, , , , , , , , , , , , , , , , , , , , , , , , , , , , , , , , , , , , ,1
1070,2,18,2,1,3,1,3,1,1,2,2,2,2, ,2, , , , , , , , , , , , , , , , , , , , , , , , , , , , , , , , , , , , ,1
1262,3,18,2,1,2,1,1,1,2,2, ,2,9,1,2,1,0,2,4,2,2,3,5,2,2,1,4,1,4,1,4,4,2,4,2,5, , , , , , , , , , , , , , , ,1
1018,1,19,2,1,3,1,2, , , , , , , , , , , , , , , , , , , , , , , , , , , , , , , , , , , , , , , , , , , , ,1
1038,1,19,2,1,2,2,1, , , , , , , , , , , , , , , , , , , , , , , , , , , , , , , , , , , , , , , , , , , , ,1
1021,2,20,2,1,2,1,1, , , , , , , , , , , , , , , , , , , , , , , , , , , , , , , , , , , , , , , , , , , , ,1
1032,2,20,2,1,2,3,2, , , , , , , , , , , , , , , , , , , , , , , , , , , , , , , , , , , , , , , , , , , , ,1
1042,2,20,2,1,2,2,2,1,2,1,2,2,1,3,3, , , , , , , , , , , , , , , , , , , , , , , , , , , , , , , , , , , , ,1
1052,2,20,2,1,2,2,2, , , , , , , , , , , , , , , , , , , , , , , , , , , , , , , , , , , , , , , , , , , , ,1
1013,1,21,2,1,3,2,2, , , , , , , , , , , , , , , , , , , , , , , , , , , , , , , , , , , , , , , , , , , , ,1
1124,2,21,2,1,2,3,2, , ,2, ,2,9,1,2,1,1,3,3,2,2,2,4,2,1,2,3,3,1,1,1,2,1,1,3,3, , , , , , , , , , , , , , , ,1
1004,1,22,2,1,2,1,1,2,2,2,2,2,9,1,1, , , , , , , , , , , , , , , , , , , , , , , , , , , , , , , , , , , , ,1
1030,2,22,2,1,3,1,3, , , , , , , , , , , , , , , , , , , , , , , , , , , , , , , , , , , , , , , , , , , , ,1
1273,2,22,2,1,3,2,1,2,4,2,4,2,9,3,1,1,0,4,4,1,1,2,3,3,2,1,3,1,1,1,1,2,1,1,3,1, , , , , , , , , , , , , , , ,1
1382,2,22,2,1,2,2,2,2,2,2,2,2,1,6,2,0,0,2,4,2,1,1,3,1,1,1,1,1,3,1,3,4,1,3,1,1, , , , , , , , , , , , , , , ,1
1003,2,23,2,1,3,2,2,1,2,1,2,2,3,1,3, , , , , , , , , , , , , , , , , , , , , , , , , , , , , , , , , , , , ,1
1028,1,23,2,1,3,2,2,1,1,1,1,2,3,3,3, , , , , , , , , , , , , , , , , , , , , , , , , , , , , , , , , , , , ,1
1071,1,27,2,1,4,1,2, , , , , , , , , , , , , , , , , , , , , , , , , , , , , , , , , , , , , , , , , , , , ,1
1025,2,31,2,1,3,2,2, , , , , , , , , , , , , , , , , , , , , , , , , , , , , , , , , , , , , , , , , , , , ,1
1072,2,42,1,1,4,1,2, , , , , , , , , , , , , , , , , , , , , , , , , , , , , , , , , , , , , , , , , , , , ,1
1365,2,18,2,1,4,5,4,1,1,1,1,1,6,3,7,0,0,5,5,1,1,1,2,3,2,1,3,2,4,1,2,5,1,3,5,2,1,1,1,4,2,1,1,2,3,5,5,5,5,5,5,1
1238,1,19,2,1,2,4,2,1,2, , ,2,3,3,2,1,0,4,4,1,3,4,3,3,2,2,3,2,4,2,3,4,3,3,2,3,1,1,2,4,2,4,4,2,4,4,4,5,4,5,5,1
1331,2,19,2,1,4,4,4,1,1,1,1, ,5,4,7,1,0,5,5,2,3,4,3,3,4,2,2,2,4,2,3,4,2,3,2,4,2,4,4,4,4,4,4,2,2,4,2,4,5,5,5,1
1381,2,19,2,1,4,1,4,2,2,2,2,2,3,2,2,0,0,4,3,1,2,4,3,2,4,2,5,3,5,2,5,5,2,5,2,4,3,3,3,5,5,4,4,4,2,4,2,5,4,5,5,1
1394,2,19,2,1,4,4,4,1,2,1,2,2,6,3,2,0,0,5,5,2,1,4,4,2,3,1,2,2,3,1,4,4,2,3,2,1,2,2,2,5,5,5,5,2,4,2,2,5,4,5,5,1
1107,2,20,2,1,4,1,3,1,2,2,2,2,1,2,4,1,1,2,1,1,1,2,5,1,1,1,1,1,1,1,1,3,1,1,1,4,4,4,4,4,4,4,4,4,5,5,5,5,5,5,5,1
1145,2,20,2,1,2,4,2,1,1,1,1,2,1,1,1,0,1,2,2,3,2,3,3,4,2,2,2,1,1,1,1,3,2,2,2,4,4,5,5,4,4,4,4,5,5,3,3,4,4,5,5,1
1186,2,20,2,1,4,4,4,1,1,1,1,2,3,2,5,1,0,4,3,1,3,4,3,3,3,2,2,2,3,2,2,4,1,3,4,4,4,4,4,4,4,4,4,4,5,2,3,4,4,5,5,1
1204,2,20,2,1,3,5,2,1,1,1,1,2,1,2,2,0,0,2,1,2,1,1,1,1,1,1,1,1,1,1,1,1,2,1,1,1,4,4,5,5,5,5,5,5,5,5,3,5,5,5,5,1
1243,2,20,2,1,2,5,2,1,1,1,1,2,1,3,1,1,0,2,3,2,1,1,2,1,1,1,2,2,1,1,3,3,2,2,2,3,2,2,2,4,4,4,4,4,4,4,4,5,5,5,5,1
1344,1,20,2,1,4,4,4,1,2,2,2,2,3,3,5,1,0,5,2,1,1,4,2,2,4,4,4,1,5,2,4,5,3,4,2,1,4,4,4,2,4,4,2,5,5,2,5,4,4,5,5,1
1363,2,21,2,1,3,5,4,1,1,1,1,2,1,1,1,0,0,5,4,3,3,4,3,3,2,1,4,2,2,1,3,3,3,3,2,4,2,2,2,4,4,4,4,4,4,4,4,5,5,5,5,1
1376,2,23,2,1,2,4,3,2,2,2,2, ,1,1,2,0,0,5,4,2,1,1,3,2,1,1,2,2,2,1,2,4,1,2,2,3,2,3,2,4,4,4,4,3,4,3,2,5,4,4,5,1
1201,1,24,2,1,3,3,2,1,1,2, ,2,1,1,1,1,0,4,5,3,2,4,5,3,1,1,1,3,1,1,3,2,1,2,3,2,2,3,3,4,1,4,4,2,4,4,2,3,4,4,5,1
1092,1,27,2,1,2,4,2,2, ,2, ,2,2,1,2,1,1,1,1,1,1,1,5,1,1,1,1,1,1,1,1,1,1,1,1,1,1,1,1,4,4,4,2,2,4,5,4,5,5,5,5,1
1137,2,45,2,1,4,3,4,1,1,2, ,2,4,2,2,1,1,2,2,2,1,2,2,2,2,1,1,1,2,2,2,3,2,2,2,3,4,4,4,5,5,4,4,3,4,5,2,5,5,5,5,1
1146,2,18,1,1,5,1,3,1,2,2,2, ,1,2,3,0,1,3,4,1,3,3,2,2,3,3,2,2,4,5,3,4,2,3,2,3,3,3,4,4,4,4,3,3,5,4,2,5,4,3,4,1
1373,2,18,2,1,3,3,2,1, ,2,2,2,2,3,3,0,0,4,4,2,2,3,4,2,4,2,2,2,4,2,4,4,2,2,2,4,4,4,3,4,4,4,4,4,4,4,2,4,2,4,4,1
1165,2,19,1,1,2,4,2,1,1,1,1,2,2,3,2,1,0,2,2,2,1,1,4,2,2,2,2,1,2,1,2,3,1,2,2,3,1,1,1,5,5,4,4,4,4,4,4,4,4,4,4,1
1208,2,19,2,1,3,5,3,1,1, , ,1,2,3,2,0,0,3,3,1,3,3,3,3,4,3,3,3,3,3,3,3,3,3,3,3,2,2,2,3,3,4,4,4,4,4,4,4,4,4,4,1
1231,2,19,2,1,5,3,4,1,2, ,2,2,4,4,4,1,0,4,4,2,3,4,3,3,4,2,4,3,4,2,3,4,2,4,4,3,3,3,3,4,4,4,3,3,3,4,2,4,3,3,4,1
1233,1,19,1,1,2,5,2,2, ,1,1,2,1,2,3,1,0,4,2,2,3,4,2,2,3,1,3,1,2,1,4,4,2,3,2,4,2,2,2,2,2,2,4,4,5,4,2,4,2,5,4,1
1234,1,19,2,1,3,4,3,2, ,2, ,2,3,3,5,1,0,4,4,1,2,4,4,3,4,2,4,4,2,1,4,5,1,4,2,3,4,4,2,3,2,2,2,2,2,2,4,4,4,4,4,1
1333,2,19,2,1,2,5,3,1,1,1,2,2,2,2,6,1,0,2,3,1,1,1,2,2,1,1,1,1,1,1,1,3,1,3,1,4,3,4,4,4,4,4,4,4,3,4,4,5,4,5,4,1
1348,2,19,2,1,3,3,5,1,2, , ,2,4,1,1,1,0,5,5,2,4,5,3,2,4,3,4,3,4,2,3,4,2,4,3,2,3,3,4,4,5,4,3,3,4,2,2,4,3,3,4,1
1150,2,20,2,1,2,4,3,1,1,2,2,2,1,1,1,1,0,2,4,2,1,4,5,1,3,1,2,2,2,2,2,4,1,4,2,3,5,5,5,5,5,5,5,5,5,4,4,5,4,5,4,1
1162,2,20,2,1,3,4,4,1, ,1, ,2,3,2,4,1,0,2,4,2,1,4,4,3,2,2,3,1,1,1,1,3,1,3,1,1,1,2,3,1,3,1,4,2,4,3,3,4,3,5,4,1
1203,2,20,2,1,2,5,2, ,1,2,2,1,1,3,1,0,0,2,2,2,2,3,2,2,3,3,2,2,3,2,2,2,2,3,3,3,3,4,2,3,2,4,3,2,4,3,2,3,2,2,4,1
1239,2,20,2,1,2,3,3,2,2,2,2,1,2,2,2,1,0,3,4,2,2,4,4,2,1,2,2,2,3,1,3,3,1,2,2,3,2,2,2,2,2,4,3,5,4,5,4,4,3,3,4,1
1244,2,20,2,1,3,5,3,1,1,1,1, ,3,3,3,1,0,5,4,1,3,4,3,2,3,3,3,2,4,2,4,5,2,4,2,3,1,1,1,5,5,3,4,4,3,3,3,3,3,4,4,1
1251,2,20,2,1,3,5,3,1,1,1,1,2,2,3,3,1,0,4,4,1,3,4,2,2,4,2,2,1,1,1,3,4,4,3,2,2,4,4,4,4,4,4,4,4,4,4,2,4,2,2,4,1
1265,2,20,2,1,3,4,2,1,2,2,2,2,3,2,2,1,0,3,3,1,2,4,4,2,2,1,2,1,3,2,3,4,2,4,2,4,2,2,1,4,4,4,4,4,4,4,4,4,4,4,4,1
1370,1,20,2,1,3,4,4,1,1,2,2,2,3,4,3,0,0,5,5,2,1,1,3,2,3,4,3,2,3,2,3,3,2,2,2,1,4,4,4,4,4,4,4,4,4,3,2,5,5,5,4,1
1383,2,20,2,1,3,4,3,1,1,1,1,2,3,2,3,0,0,4,4,2,1,1,1,2,1,1,1,2,1,1,1,4,1,1,1,2,2,2,2,5,4,4,4,4,5,2,2,4,2,4,4,1
1198,1,21,2,1,3,4,2,2, ,2, ,2,2,2,3,1,0,2,4,2,2,2,2,2,2,2,2,2,4,2,4,4,2,4,2,3,2,4,4,4,4,4,4,3,4,4,4,4,4,4,4,1
1296,2,21,2,1,3,4,3,1,2, ,2, ,3,2,5,0,0,3,3,2,1,1,3,2,3,1,3,2,1,1,1,4,2,2,2,4,2,2,2,4,4,4,4,5,5,4,3,4,3,4,4,1
1301,2,21,2,1,4,3,3,1,1,2,2,1,6,3,4,0,0,4,4,2,2,3,3,2,3,2,3,2,3,3,3,3,3,3,2,3,3,4,4,4,4,4,3,3,3,3,3,4,4,3,4,1
1384,1,21,2,1,5,5,4,1,1,2, ,2,2,3,7,0,0,5,5,4,2,2,2,2,4,4,2,2,4,2,2,4,2,3,2,1,3,2,4,4,4,4,4,4,4,1,2,2,4,5,4,1
1117,2,23,2,1,3,3,3,2, ,2, ,2,3,3,3,1,1,2,1,2,1,2,4,2,3,1,1,1,1,1,2,2,2,2,2,3,4,4,4,4,4,4,4,2,4,5,2,4,2,4,4,1
1266,2,23,2,1,4,2,3,1, ,2, ,2,4,4,4,1,0,3,4,2,1,1,4,2,2,1,1,1,1,1,1,2,1,3,3,2,4,3,4,4,2,4,4,3,2,4,3,4,2,3,4,1
1229,2,24,2,1,2,3,3,1,2,2,2,2,1,1,1,0,0,4,4,4,1,1,4,2,2,1,2,2,4,1,4,4,1,2,4,2,2,2,2,4,2,3,3,3,4,4,2,4,2,5,4,1
1380,2,26,2,1,3,5,3,1,1,1,1,2,2,3,6,0,0,5,4,4,1,3,5,2,1,2,3,2,5,2,3,5,2,4,3,1,4,3,2,1,2,2,1,4,4,3,2,4,2,4,4,1
1309,2,28,1,1,4,2,2,1,1,2, ,2,3,2,2,0,0,4,4,2,5,5,4,3,4,2,2,2,5,4,4,4,2,4,2,1,4,4,5,5,4,4,4,5,5,5,3,4,3,5,4,1
1087,1,30,2,1,4,4,4,1,1,2,2,2,4,1,7,1,1,4,4,1,1,3,1,1,1,1,1,1,1,1,1,1,1,1,1,3,3,3,2,5,5,5,5,5,5,3,3,3,4,5,4,1
1114,2,30,1,1,3,3,2,1,1,1,1,2,1,1,2,1,1,3,4,2,3,2,3,1,1,1,1,1,1,1,1,1,1,1,1,4,4,4,3,5,5,5,5,5,5,2,2,2,2,2,4,1
1240,2,18,2,1,2,5,3,1,2,2,2,2,9,1,1,1,0,4,4,4,4,5,3,2,2,4,5,4,4,4,4,4,1,3,3,4,4,4,4,4,4,4,4,4,4,3,2,3,4,4,3,1
1200,2,18,2,1,4,4,4,4,2,2,2,2,3,4,4,1,0,4,3,2,2,3,4,3,2,1,2,3,1,1,3,4,2,2,3,3,4,3,4,2,4,2,2,2,3,4,3,4,3,3,3,1
1236,2,18,2,1,3,5,3,1,1,1,1,2,3,3,6,1,0,4,1,1,1,4,4,1,3,2,1,2,4,1,4,4,1,4,2,3,4,4,4,2,2,4,2,2,5,5,3,5,4,5,3,1
1249,2,18,2,1,3,3,2,2,2,2,2,2,2,3,3,1,0,4,4,2,3,4,2,2,3,2,3,2,3,3,3,4,3,4,2,4,4,4,4,4,4,4,4,4,2,3,2,4,3,4,3,1
1317,2,18,2,1,3,3,3,2,2,2,2,2,6,5,3,0,0,5,5,2,2,4,2,3,3,3,3,2,4,2,3,4,4,5,3,1,2,2,1,5,3,4,4,5,4,1,1,3,2,3,3,1
1323,2,18,2,1,4,5,3,1,1,1,2,2,1,3,5,1,0,4,4,1,4,4,1,1,4,2,2,2,3,5,1,4,1,2,2,4,2,2,2,4,4,2,2,2,4,2,4,2,4,5,3,1
1339,2,18,2,1,2,5,3,2,2,2,2,2,1,2,2,1,0,4,4,1,4,2,2,2,2,2,2,2,2,1,2,2,2,3,2,3,1,1,1,1,1,1,1,5,2,3,3,3,3,3,3,1
1347,1,18,2,1,3,3,2,1,2,2,2,2,3,2,5,1,0,5,5,1,5,5,4,3,2,4,4,1,3,4,4,5,2,4,4,4,3,3,3,4,4,4,4,2,3,5,5,5,4,2,3,1
1352,1,18,2,1,3,4,3,2,2,2,2,2,2,1,4,1,0,5,5,2,2,4,3,4,3,2,4,4,4,4,5,5,4,5,3,1,2,2,4,4,4,3,3,2,4,2,3,3,3,4,3,1
1354,2,18,2,1,4,5,4,1,2,2, , ,3,3,7,0,0,5,3,2,3,3,3,3,4,3,3,4,3,2,3,4,2,3,3,3,3,3,3,3,3,3,3,3,3,3,2,5,3,4,3,1
1362,1,18,2,1,4,5,4,1, ,2,2,2,5,1,7,0,0,3,3,1,3,3,3,3,3,2,2,3,3,2,3,5,4,3,2,3,4,2,3,5,5,2,3,3,3,2,3,1,3,2,3,1
1129,2,19,2,1,3,5,3, , ,2, ,2,3,2,3,1,1,4,4,2,1,1,3,3,2,5,1,1,1,1,1,3,1,1,2,2,1,1,1,3,3,3,3,3,3,3,3,3,2,3,3,1
1167,1,19,2,1,4,4,4,1,2,2,2,2,3,3,3,1,0,4,3,3,3,3,3,3,3,3,3,3,3,3,3,3,3,3,3,3,3,3,3,3,3,3,3,3,3,3,3,3,3,3,3,1
1202,2,19,2,1,3,3,2,2,2,2,2,2,2, ,6,1,0,3,4,2,1,2,4,3,4,3,2,2,2,1,1,4,1,3,2,2,4,4,3,5,5,4,4,5,4,4,2,5,4,4,3,1
1219,2,19,2,1,4,5,4,2,2,2,2,1,5,4,7,0,0,4,5,2,3,4,5,3,3,3,4,2,3,3,3,5,3,4,3,4,4,4,2,4,4,2,2,2,2,5,2,5,4,4,3,1
1270,2,19,2,1,3,3,3,1,2,2,2,2,3,2,5,1,0,4,3,1,3,3,4,2,2,2,2,2,2,2,3,4,2,4,1,4,3,2,2,4,4,4,2,2,4,4,4,5,4,5,3,1
1285,2,19,2,1,3,3,2,1,2,2, ,2,3,1,1,0,0,4,4,2,2,3,2,4,3,3,3,2,3,3,4,4,4,4,4,2,4,4,4,4,4,4,4,4,4,2,2,3,3,3,3,1
1321,2,19,2,1,3,3,4,1,1, , ,2,3,3,3,1,0,5,5,1,1,3,2,2,3,2,5,3,5,5,5,5,5,5,1,3,3,3,4,4,4,4,4,4,3,2,2,3,3,1,3,1
1183,2,20,2,1,3,3,3,2,2,2,2,2,4,1,3,1,0,3,4,2,2,2,3,2,4,2,4,3,3,2,3,4,2,3,3,3,3,3,3,4,4,4,4,3,4,3,2,4,2,2,3,1
1211,1,20,2,1,3,2,3,1,2,2,2,2,2,2,2,0,0,3,3,3,1,2,1,2,2,1,2,1,3,1,3,3,1,3,2,3,3,3,4,3,3,3,3,3,3,3,3,3,3,3,3,1
1284,2,20,2,1,4,3,3,1,1,2,2,2,4,3,4,0,0,4,4,2,4,4,4,3,3,2,4,2,4,2,4,4,2,4,2,4,3,3,3,4,5,5,5,5,5,2,2,4,2,5,3,1
1312,2,20,2,1,4,2,4,1,1,1,1,1,2,2,4,0,0,3,2,3,3,4,4,3,2,2,3,2,3,1,2,5,2,2,2,3,3,5,4,4,3,5,5,2,3,2,2,2,2,4,3,1
1334,2,20,2,1,2,4,3,1,2,1,2,2,2,2,5,1,0,5,5,2,2,4,2,2,3,3,3,2,4,4,4,4,3,4,3,3,4,4,4,4,4,4,5,5,5,3,3,4,4,4,3,1
1343,3,20,2,1,4,2,2,2, ,2, ,2,3,3,4,1,0,4,4,1,2,4,4,2,2,1,1,1,1,1,2,2,1,1,1,3,2,2,1,4,4,2,1,2,5,2,2,2,1,1,3,1
1388,2,20,2,1,3,5,2,2,2,2,2, ,9,2,7,0,0,5,5,2,3,4,4,5,4,1,4,2,5,2,4,5,2,4,1,5,3,4,4,4,4,4,4,4,4,3,3,3,3,3,3,1
1144,1,21,2,1,2,4,2,2,2,2,2,2,1,2,1,0,1,3,4,3,2,3,4,3,2,2,2,2,3,2,3,3,2,1,3,4,2,3,4,4,4,4,4,4,3,3,4,4,3,4,3,1
1154,2,21,2,1,4,3,3,1,2,1,2,2,4,5,2,1,0,4,4,2,3,3,5,1,2,2,3,2,4,2,4,4,2,4,2,3,3,2,2,4,2,4,3,3,4,4,3,4,2,4,3,1
1179,1,21,3,1,3,4,3, ,2,2,2,2,3,2,2,1,0,3,4,1,2,3,2,2,2,3,4,4,5,4,4,4,2,4,3,5,2,4,2,4,3,4,4,4,5,4,2,4,4,4,3,1
1189,2,21,1,1,3,4,3,2, ,2, ,2,5, , ,1,0,3,3,3,2,2,2,3,3,2,2,2,3,3,3,3,2,3,3,3,3,3,3,4,4,3,3,3,3,3,3,4,3,4,3,1
1253,1,21,2,1,3,5,4,1,1,1,1,2,5,1,5,1,0,5,5,2,2,4,4,1,3,3,4,2,5,5,5,5,4,5,4,2,3,3,4,4,4,4,4,4,4,3,3,3,3,4,3,1
1280,2,21,2,1,3,3,3,1,1,1,1,2,3,1,2,1,0,4,4,3,5,5,4,2,4,2,4,4,5,2,3,5,2,3,1,3,4,4,4,5,5,5,5,5,5,4,4,4,3,4,3,1
1292,2,21,2,1,3,2,3,1,1,1,1,2,2,2,2,0,0,3,3,2,1,3,2,3,3,1,3,2,3,1,3,4,3,3,3,3,3,4,3,4,4,3,3,3,3,3,3,3,3, ,3,1
1340,2,21,2,1,4,4,4,1,2,2,2,1,6,4,1,1,0,5,5,1,4,5,3,3,4,1,2,4,3,2,4,5,4,5,2,3,1,1,2,5,2,1,1,4,5,5,4,5,5,5,3,1
1355,1,21,2,1,4,5,4,1,2,2,2,2,6, , ,0,0,5,4,2,4,5,3,4,2,3,3,3,4,2,3,5,2,3,3,5,3,3,3,3,3,4,2,2,4,2,2,1,2,4,3,1
1369,1,21,2,1,3,4,4,1,2,2,2,2,1,1,1,0,0,3,3,5,2,3,3,2,3,2,4,2,4,3,4,5,3,3,3,3,2,2,3,4,3,4,4,4,4,3,3,4,2,5,3,1
1127,2,22,2,1,3,5,3,1,1,1,1,2,2,2,3,1,1,2,1,2,2,4,3,2,2,2,2,2,1,1,2,3,1,3,2,4,4,4,4,2,2,4,4,4,4,4,4,4,4,4,3,1
1224,2,22,2,1,3,4,3, , ,2, , ,9,1,3,0,0,4,4,3,2,3,3,3,2,2,2,2,2,2,3,3,3,3,2,4,2,3,2,4,3,3,3,3,4,4,2,5,3,4,3,1
1259,1,22,2,1,3,3,3,1,2,2,2,2,3,2,4,1,0,4,3,2,2,4,5,3,1,1,2,2,4,1,3,5,3,4,4,3,2,2,3,4,1,4,4,4,5,3,1,4,4,4,3,1
1358,2,22,3,1,4,3,4,4,4,2,2,2,3,3,4,0,0,3,4,2,4,4,4,3,3,3,3,2,4,2,3,4,3,3,2,3,2,2,3,4,4,4,4,2,4,3,3,3,3,3,3,1
1389,2,22,2,1,4,3,3, , ,2,2,2,5,2,2,0,0,5,5,5,3,3,5,3,3,2,2,2,3,1,3,3,1,3,3,3,3,3,3,4,4,3,2,1,3,3,3,3,2,3,3,1
1159,2,23,2,1,3,4,3,1,1,2, ,2,3,2,2,1,0,5,4,1,1,1,3,3,2,1,1,1,4,1,4,5,1,3,1,3,1,1,3,4,3,4,4,4,4,5,5,5,5,4,3,1
1278,2,23,2,1,4,4,3,1,2,2,2,2,4,2,4,1,0,3,4,2,1,2,4,2,2,1,2,1,3,1,3,3,1,2,2,3,3,3,4,3,2,2,3,2,4,4,4,4,4,3,3,1
1220,2,25,2,1,3,4,3,2,2,2,2,2,7,5,4,0,0,5,3,3,3,3,3,3,3,3,3,3,3,5,3,3,5,3,3,3,3,3,3,3,3,3,3,3,3,3,3,3,3,3,3,1
1149,1,26,2,1,3,3,4,1,2,2,2,2,4,1,6,0,1,4,2,4,1,1,4,2,1,1,2,2,4,1,3,4,2,3,2,4,3,3,3,5,3,4,4,4,5,2,2,2,3,2,3,1
1158,2,26,2,1,2,4,2,1,2,2,2,2,2,2,1,1,0,4,4,1,4,4,4,3,2,1,2,1,1,1,2,3,2,3,2,3,2,4,2,4,4,3,4,4,4,4,2,4,4,4,3,1
1367,2,26,2,1,2,5,2,1,1,2,2,2,2,3, ,0,0,4,5,3,4,4,3,2,3,2,3,3,4,2,4,4,1,3,3,1,2,2,2,4,3,4,3,3,5,3,2,5,2,3,3,1
1164,2,28,2,1,3,2,3,2,2,2,2,2,1,2,2,1,0,3,4,2,4,4,4,2,1,2,2,1,4,1,4,3,2,3,2,4,3,3,4,4,4,5,2,4,4,2,2,4,2,3,3,1
1335,2,31,2,1,3,5,3,2,2, , ,1,3,4,7,1,0,4,5,4,3,4,5,3,3,2,2,4,5,4,4,5,2,4,2,3,2,4,3,4,4,3,3,2,4,5,4,3,3,3,3,1
1168,1,32,1,1,2,4,3,1,2,2,4,2,1,2,1,1,0,5,5,2,1,3,4,5,1,1,2,3,3,1,3,4,2,2,4,2,2,2,2,4,5,5,5,5,5,2,2,4,2,2,3,1
1368,1,34,2,1,3,4,3,1,1,2, ,2,3,1,7,0,0,2,2,4,2,3,5,2,2,2,1,1,3,1,3,3,1,3,2,5,3,3,3,4,4,4,4,4,5,3,3,3,2,3,3,1
1147,2,35,1,1,3,5,4,2, ,2, ,2,3,2,1,0,1,3,5,3,5,5,3,5,3,1,3,1,1,1,1,3,1,3,5,3,5,5,5,1,5,1,1,1,1,3,3,3,3,3,3,1
1366,1,35,1,1,4,3,4,2,2,2,2,2,4,3, ,0,0,5,4,4,2,3,2,3,4,2,4,2,5,4,4,4,2,4,4,1,4,5,5,5,5,5,5,5,5,4,1,3,3,2,3,1
1393,2,49,1,1,3,3,3,2, ,2, ,2,2,2,4,0,0,5,5,5,3,3,4,4,5,1,2,2,2,2,2,3,1,3,4,3,4,4,4,4,4,5,5,5,5,2,2,2,2,3,3,1
1242,1,52,2,1,5,4,5,1,2,2,2,2,7,3,3,1,0,4,1,3,1,1,4,4,1,1,1,1,1,1,1,3,1,3,1,4,4,2,3,2,2,2,1,1,4,4,3,2,2,4,3,1
1298,2,18,2,1,4,4,3,1,2,1,1,2,4,3,4,0,0,4,4,2,2,2,2,4,2,2,2,2,2,2,2,4,2,2,2,3,4,2,4,4,4,4,4,4,4,2,2,2,4,4,2,1
1372,1,18,2,1,4,3,4,1,2,2,2, ,2,1,3,0,0,5,5,2,5,5,2,3,4,3,3,2,5,4,4,4,4,4,2,4,3,3,3,4,4,4,4,4,4,4,4,2,2,2,2,1
1110,2,19,2,1,4,5,4,2,4,2,4,2,3,3,3,0,1,2,2,1,2,4,3,2,2,3,2,2,2,2,2,3,1,1,3,4,4,3,5,4,4,4,2,2,4,3,2,4,2,3,2,1
1171,2,19,2,1,4,3,3,2,2,2, ,2,1,2,3,1,0,3,4,3,3,4,3,2,3,1,3,3,3,2,3,3,3,3,3,3,4,4,4,4,4,4,4,4,4,2,2,3,2,2,2,1
1191,2,19,2,1,3,4,3,2,4,2, ,2,3,1,2,1,0,3,3,2,2,3,4,2,3,2,2,2,3,2,2,4,2,3,3,3,3,3,3,4,4,4,4,4,5,2,2,2,2,2,2,1
1295,2,19,2,1,3,5,3,2,2,2,2,2,2,2,6,0,0,4,3,3,3,4,2,3,2,2,2,2,2,1,2,4,2,3,3,2,4,4,4,4,4,4,4,4,4,3,4,3,2,2,2,1
1338,1,19,3,1,3,4,2,1,1,2,2, ,5,2,2,1,0,4,3,2,2,2,3,2,2,2,2,3,3,2,3,5,2,3,3,2,4,2,3,3,4,4,4,2,4,4,4,4,3,4,2,1
1346,1,19,2,1,3,3,2,1,2,2, ,2,5,2,3,1,0,5,5,2,4,5,3,2,4,2,4,2,3,3,3,4,2,3,2,4,2,2,4,4,4,4,4,2,2,2,2,4,2,4,2,1
1379,2,19,1,1,3,3,3,1,1,2,2,2,3,2,2,0,0,5,5,5,2,2,3,2,3,3,3,2,3,1,3,4,2,3,3,2,4,3,4,4,4,4,3,2,5,2,2,4,2,4,2,1
1099,2,20,2,1,3,3,2,1,1,2, ,2,3,4,2,1,1,5,5,5,1,5,1,5,1,1,1,1,5,1,5,5,3,5,1,3,1,1,1,5,5,5,5,5,5,1,1,5,5,2,2,1
1282,1,20,2,1,4,1,3,2, ,2, ,2,3,3, ,0,0,5,2,2,1,2,3,1,1,1,3,3,5,1,5,5,1,3,4,1,3,4,3,4,3,4,4,4,5,1,1,3,4,3,2,1
1293,2,20,2,1,4,4,4,2,2,2,2,2,4,2,5,0,0,4,4,2,3,4,3,3,3,2,2,2,3,2,3,4,2,2,2,3,4,4,4,4,4,4,3,4,4,3,3,4,4,5,2,1
1305,1,20,2,1,4,3,4,2, ,2, ,2,4,3,2,0,0,4,4,1,2,5,4,1,3,5,3,3,3,3,3,3,3,3,3,1,2,2,2,4,4,4,4,4,2,2,2,2,2,2,2,1
1308,1,20,2,1,4,5,4,2,2,2,2,1,6,6,7,0,0,5,4,4,4,4,4,5,5,4,4,4,4,4,4,4,4,4,4,3,4,4,3,4,4,4,4,4,4,2,2,2,2,2,2,1
1350,2,20,2,1,3,3,3,2,2,2,2,2,1,3,4,1,0,3,4,1,1,4,4,4,1,1,2,1,1,1,1,2,1,1,2,3,4,4,4,5,5,5,5,2,5,2,2,4,2,2,2,1
1357,4,20,3,1,5,5,4,1,1,1,1,2,6, , ,0,0,5,5,1,5,2,1,2,2,1,3,1,5,1,5,5,1,3,2,5,3,3,2,3,3,2,1,3,1,2,2,3,2,5,2,1
1269,2,21,2,1,4,5,3,1,1,2,2, ,4,4,4,1,0,4,3,1,1,2,4,3,3,2,3,2,3,2,3,4,2,3,2,3,4,4,4,4,2,3,4,4,2,4,4,5,4,4,2,1
1271,2,21,2,1,3,3,3,1,1,2, ,2,9,2,2,1,0,4,2,2,2,4,5,2,1,1,3,2,3,2,3,3,3,3,1,3,2,2,1,4,2,3,2,5,5,4,2,4,2,2,2,1
1315,2,21,2,1,3,4,3,2,2,1,2,2,4,3,3,0,0,4,4,2,2,4,2,2,2,2,4,4,4,4,4,4,4,2,2,4,4,2,4,2,4,2,4,2,1,4,5,1,4,4,2,1
1329,1,21,2,1,4,4,4,1,2,2,2,1,5,3,2,1,0,5,4,1,3,4,5,3,4,4,4,3,4,4,4,4,4,4,2,3,4,4,4,3,4,3,3,3,4,2,2,2,2,4,2,1
1330,1,21,2,1,4,3,4,1,2,2,2,2,6,1,6,1,0,3,3,1,3,4,2,3,2,1,2,2,4,2,4,5,3,3,4,5,4,4,4,3,3,3,4,2,4,2,1,3,2,2,2,1
1386,1,21,2,1,4,4,4,1,2,2,2,2,5,4,3,0,0,5,5,1,1,1,3,2,2,1,2,2,3,2,3,5,1,2,2,2,2,4,4,5,4,5,5,5,4,2,2,4,2,4,2,1
1230,1,22,2,1,2,3,3,2,2,2,2,2,2,2,3,0,0,4,4,2,2,3,4,2,3,1,4,2,3,1,3,4,1,3,2,4,2,4,4,2,4,4,4,4,2,2,2,2,2,2,2,1
1307,2,22,2,1,3,3,2,1,2,1,2,2,2,3,4,0,0,4,4,4,2,4,4,2,4,2,2,1,4,2,4,4,2,4,2,4,2,4,2,2,4,4,2,2,2,2,2,4,4,4,2,1
1311,2,22,3,1,3,3,3,1,4,2, ,2,3,1,3,0,0,4,4,2,3,4,3,3,3,2,3,4,4,2,4,4,4,3,4,3,4,4,4,4,4,4,4,4,4, ,2,3,2,2,2,1
1364,1,22,2,1,4,4,4,1,1,1,1,2,2,4,3,0,0,5,5,3,1,1,4,1,1,1,1,1,1,1,1,4,1,4,1,2,4,4,4,5,5,4,4,4,1,1,2,2,2,4,2,1
1375,2,22,2,1,3,5,4,1,1,1,1,2,4,3,5,0,0,4,5,5,2,3,2,2,5,1,5,1,5,1,3,4,1,2,2,1,4,2,1,5,5,5,5,5,5,4,5,5,4,3,2,1
1276,2,23,2,1,2,4,2,1,2,2, ,2,1,3,4,1,0,4,4,4,2,3,2,2,2,2,4,2,2,2,4,4,4,3,2,4,2,2,2,4,2,2,2,2,4,2,2,4,2,4,2,1
1320,2,24,2,1,4,4,4,1,1,1,1, ,3,2,3,1,0,5,5,2,2,4,2,2,2,2,2,2,4,2,4,4,4,4,4,2,4,3,4,4,4,4,4,4,4,3,3,2,2,2,2,1
1257,1,25,2,1,5,2,4,1,2,1,2,2,3,3,3,1,0,4,4,2,2,2,3,2,3,2,3,3,4,2,3,4,2,3,2,1,3,3,3,2,2,2,2,2,2,3,3,2,2,2,2,1
1287,1,26,1,1,2,4,2,4,4,4,4,2,1,4,5,0,0,4,4,3,3,5,2,5,1,2,2,2,3,1,3,4,1,3,2,3,4,4,4,3,2,2,2,2,4,2,2,3,2,2,2,1
1387,1,27,1,1,5,5,4,1,1,1,2,2,3,1,7,0,0,5,5,5,1,3,4,2,4,4,3,2,4,2,4,4,1,4,2,1,3,3,4,2,1,4,5,5,2,1,1,3,1,4,2,1
1177,2,31,1,1,5,3,5,1, ,1, ,1,7,6,5,1,0,3,4,2,2,2,3,3,2,2,2,4,3,2,4,4,2,4,2,4,3,3,3,2,4,4,3,4,3,2,2,2,2,3,2,1
1228,2,31,3,1,3,3,2,2,2,2,2,2,1,1,1,0,0,3,4,2,3,3,4,3,2,2,3,2,3,2,3,4,2,2,3,3,4,4,4,4,4,4,3,4,4,2,2,2,2,2,2,1
1337,2,31,1,1,3,5,3,1,2,2,2,2,3,2,1,1,0,5,5,1,3,3,1,2,5,1,3,1,5,1,5,5,1,5,1,3,1,4,5,5,4,4,4,1,4,2,2,3,3,5,2,1
1297,2,40,1,1,4,2,2,2, ,2, ,2,4,3,3,0,0,4,4,4,2,2,2,4,2,2,2,2,2,2,2,2,2,2,1,1,1,1,1,4,4,4,4,2,2,2,2,2,2,2,2,1
1155,1,49,2,1,4,3,4, ,2, , , ,6,1,5,1,0,4,4,2,2,3,3,4,2,1,3,2,4,1,3,3,2,3,2,1,2,2,2,4,2,4,4,4,3,2,2,2,2,1,2,1
1113,1,18,3,1,3,5,3,1,2,2,2,2,3,2,5,1,1,2,2,2,2,3,3,2,2,4,3,3,4,2,2,3,3,2,2,4,3,3,3,3,3,3,4,4,4,4,2,2,2,2,1,1
1277,2,18,2,1,4,4,4,2,2,2,2,2,4,4,3,1,0,4,4,1,3,2,1,2,3,1,3,3,2,2,2,3,1,2,2,3,2,3,4,4,5,5,4,4,4,2,2,5,2,1,1,1
1356,1,19,2,1,4,5,3,2,2,1,2,2,6,2,3,0,0,5,5,2,4,4,2,5,5,4,5,2,5,2,5,5,2,4,2,2,4,4,5,4,3,5,5,5,5,2,2,2,1,4,1,1
1359,1,20,2,1,3,4,3,1,2,2,2,2,2,3,2,0,0,4,4,5,1,1,3,2,2,2,3,2,5,1,3,4,2,2,2,2,3,3,4,5,5,5,5,1,5,2,2,1,1,3,1,1
1360,3,20,2,1,4,3,3,1,1,1,1,2,4,4,3,0,0,5,5,3,2,4,3,3,4,3,2,1,5,1,5,5,1,5,1,3,3,1,4,1,1,5,5,1,5,1,1,4,4,5,1,1
1385,1,20,2,1,3,3,3,1,2,2,2,2,2,2,4,0,0,4,5,1,3,4,2,3,3,3,4,4,5,4,4,4,4,4,2,1,4,4,4,4,2,2,2,2,2,1,1,1,1,1,1,1
1248,1,21,2,1,3,3,2,1, ,1, ,2,3,3,2,1,0,4,5,2,2,3,2,2,3,2,3,2,4,3,3,4,3,3,3,4,2,2,4,4,3,4,3,4,5,2,2,3,2,2,1,1
1291,1,21,2,1,3,5,4,1, ,2, ,2,3,2,7,0,0,2,4,3,1,3,3,3,2,1,2,1,2,1,2,3,1,3,2,2,1,2,2,3,2,4,1,1,4,2,1,4,1,5,1,1
1324,2,21,2,1,3,3,2,2,2,2,2,2,1,4,2,1,0,3,1,1,1,1,5,1,5,1,4,1,1,1,1,1,1,1,1,4,4,4,4,5,3,5,5,5,5,4,4,5,5,1,1,1
1326,1,21,2,1,3,5,4,2,2,2,2,2,6,1,6,1,0,4,5,1,3,4,3,2,2,2,4,2,5,2,5,5,2,4,2,2,2,4,1,5,2,2,2,4,2,2,1,2,4,3,1,1
1392,1,29,1,1,4,5,4,1,2,2, ,1,2,3,2,0,0,5,5,3,5,5,3,4,1,1,1,2,1,1,1,5,1,3,1,1,2,4,5,5,1,5,5,5,5,5,5,5,5,3,1,1
1318,1,35,2,1,4,4,4,2, ,2, ,2,9,3,4,0,0,5,5,5,1,1,5,5,1,1,5,1,5,5,5,5,5,5,1,1,5,5,5,5,5,5,5,5,5,1,1,1, ,1,1,1
1037,2,18,3,1,3,5,3,1,2,1, ,1,2, , , , , , , , , , , , , , , , , , , , , , , , , , , , , , , , , , , , , , ,1
1044,2,18,2,1,3,5,5,1,2,2, ,2, , , , , , , , , , , , , , , , , , , , , , , , , , , , , , , , , , , , , , , ,1
1058,2,18,2,1,3,4,3,2,2,2,2,2, , , , , , , , , , , , , , , , , , , , , , , , , , , , , , , , , , , , , , , ,1
1060,2,18,2,1,3,3,3, ,2,2,2,2,4,2,4, , , , , , , , , , , , , , , , , , , , , , , , , , , , , , , , , , , , ,1
1374,2,18,2,1,3,3,2, ,2,2,2, ,2,2,1,0,0,5,5,5,5,5,5,5,5,5,5,5,5,5,5,5, ,5,5,4, , , , , , , , , , , , , , , ,1
1007,2,19,2,1,3,4,3, , , , , , , , , , , , , , , , , , , , , , , , , , , , , , , , , , , , , , , , , , , , ,1
1016,2,19,2,1,4,5,3, , , , , , , , , , , , , , , , , , , , , , , , , , , , , , , , , , , , , , , , , , , , ,1
1022,2,19,2,1,2,4,3, , , , , , , , , , , , , , , , , , , , , , , , , , , , , , , , , , , , , , , , , , , , ,1
1024,2,19,2,1,2,4,2,1,2,2,2,2,4,2,3, , , , , , , , , , , , , , , , , , , , , , , , , , , , , , , , , , , , ,1
1034,1,19,2,1,4,2,3,1,2,2,2,2, , , , , , , , , , , , , , , , , , , , , , , , , , , , , , , , , , , , , , , ,1
1035,2,19,2,1,2,3,3, , , , , , , , , , , , , , , , , , , , , , , , , , , , , , , , , , , , , , , , , , , , ,1
1040,2,19,2,1,4,3,3,1, ,2, ,2,3,3,3, , , , , , , , , , , , , , , , , , , , , , , , , , , , , , , , , , , , ,1
1045,2,19,2,1,3,3,3, , , , , , , , , , , , , , , , , , , , , , , , , , , , , , , , , , , , , , , , , , , , ,1
1059,2,19,2,1,3,5,3, , , , , , , , , , , , , , , , , , , , , , , , , , , , , , , , , , , , , , , , , , , , ,1
1065,2,19,2,1,4,5,3, , , , , , , , , , , , , , , , , , , , , , , , , , , , , , , , , , , , , , , , , , , , ,1
1066,1,19,2,1,4,5,4, , , , , , , , , , , , , , , , , , , , , , , , , , , , , , , , , , , , , , , , , , , , ,1
1068,1,19,2,1,5,5,4, , , , , , , , , , , , , , , , , , , , , , , , , , , , , , , , , , , , , , , , , , , , ,1
1081,2,19,2,1,3,4,3,1,1,2,2,2, , , , , , , , , , , , , , , , , , , , , , , , , , , , , , , , , , , , , , , ,1
1119,2,19,2,1,3,3,3,1,1,2, ,2,2,1,5,1,1,3,2,1,1,1,1,2,2,1,1,1,1,1,1,2,1,1,1,4, , , , , , , , , , , , , , , ,1
1005,2,20,2,1,4,1,4,1, ,1, ,2,2,3,3, , , , , , , , , , , , , , , , , , , , , , , , , , , , , , , , , , , , ,1
1033,1,20,2,1,5,5,4,1,2,2,2,2,4,4,2, , , , , , , , , , , , , , , , , , , , , , , , , , , , , , , , , , , , ,1
1047,2,20,2,1,3,3,2,2,2,2,2,1,3,3,1, , , , , , , , , , , , , , , , , , , , , , , , , , , , , , , , , , , , ,1
1050,2,20,2,1,3,5,3,1,2,2, ,2,9,3, , , , , , , , , , , , , , , , , , , , , , , , , , , , , , , , , , , , , ,1
1064,2,20,2,1,3,4,3, , , , , , , , , , , , , , , , , , , , , , , , , , , , , , , , , , , , , , , , , , , , ,1
1083,1,20,2,1,3,4,4,1,2,2,2,2,4,3,5,0, , , , , , , , , , , , , , , , , , , , , , , , , , , , , , , , , , , ,1
1310,2,20,2,1,4,5,4,2,2,2,2,2,4,4,6,0,0,4,4,1,2,2,3,3,3,3,3,3,2,1,3,4,3,4,4,3, , , , , , , , , , , , , , , ,1
1327,2,20,2,1,3,5,4,1,2,2,2,2,3,3,7,1,0, , , , , , , , , , , , , , , , , , ,3,3,3,4,3,3, , , , , , , , , , ,1
1349,2,20,2,1,3,5,3, ,2, ,2,2,2,2,3,1,0,5,5,1,3,5,1,3,2,3,4,4,4,2,4,3,1,3,3,3, , , , , , , , , , , , , , , ,1
1009,1,21,2,1,3,3,2,1,1,2,2,2,1,2,1, , , , , , , , , , , , , , , , , , , , ,5, , , , , , , , , , , , , , , ,1
1015,2,21,2,1,3,5,3, , , , , , , , , , , , , , , , , , , , , , , , , , , , , , , , , , , , , , , , , , , , ,1
1027,2,21,2,1,3,5,3,1,1,1,1,2,3, ,3, , , , , , , , , , , , , , , , , , , , , , , , , , , , , , , , , , , , ,1
1041,2,21,2,1,5,3,3, , , , , , , , , , , , , , , , , , , , , , , , , , , , , , , , , , , , , , , , , , , , ,1
1046,2,21,2,1,3,5,3, , , , , , , , , , , , , , , , , , , , , , , , , , , , , , , , , , , , , , , , , , , , ,1
1332,1,21,2,1,4,3,4,1,2,2,2,2,4,5,6,1,0,5,5,2,3,2,1,4,2,2,1,4,5,1,5,4,3,3,3,1,1, , , , , , , , , , , , , , ,1
1001,1,22,2,1,4,4,4, , , , , , , , , , , , , , , , , , , , , , , , , , , , , , , , , , , , , , , , , , , , ,1
1002,2,22,2,1,3,3,3, , , , , , , , , , , , , , , , , , , , , , , , , , , , , , , , , , , , , , , , , , , , ,1
1006,2,22,2,1,4,3,3,1,2,2,2,2,2,2,3, , , , , , , , , , , , , , , , , , , , , , , , , , , , , , , , , , , , ,1
1029,1,22,2,1,3,4,2,2,2,2,2,2,9,2,1, , , , , , , , , , , , , , , , , , , , , , , , , , , , , , , , , , , , ,1
1048,2,22,2,1,4,4,3,1,1,2,4,2,3,3,4, , , , , , , , , , , , , , , , , , , , , , , , , , , , , , , , , , , , ,1
1061,1,22,2,1,2,5,2, , , , , , , , , , , , , , , , , , , , , , , , , , , , , , , , , , , , , , , , , , , , ,1
1281,2,22,2,1,3,3,3,2,2,2,2,2,2,1,4,1,0,5,4,2,4,4,4,2,3,4,2,2,4,2,4,5,2,3,2,4, , , , , , , , , , , , , , , ,1
1020,1,23,2,1,4,2,4,1,1,1,1,2,4,4,4, , , , , , , , , , , , , , , , , , , , , , , , , , , , , , , , , , , , ,1
1011,2,24,2,1,4,2,4,1,1,1,1,2,5,1,6, , , , , , , , , , , , , , , , , , , , , , , , , , , , , , , , , , , , ,1
1014,1,25,2,1,5,1,4, , , , , , , , , , , , , , , , , , , , , , , , , , , , , , , , , , , , , , , , , , , , ,1
1017,1,28,2,1,4,3,3, , , , , , , , , , , , , , , , , , , , , , , , , , , , , , , , , , , , , , , , , , , , ,1
1055,2,28,2,1,2,4,2, , , , , , , , , , , , , , , , , , , , , , , , , , , , , , , , , , , , , , , , , , , , ,1
1062,1,28,2,1,4,4,4, , , , , , , , , , , , , , , , , , , , , , , , , , , , , , , , , , , , , , , , , , , , ,1
1049,2,35,1,1,4,3,4, , , , , , , , , , , , , , , , , , , , , , , , , , , , , , , , , , , , , , , , , , , , ,1
1069,1,35,1,1,4,3,3, , , , , , , , , , , , , , , , , , , , , , , , , , , , , , , , , , , , , , , , , , , , ,1
1010,1,37,1,1,5,3,2,1,2,1,2,2, , , , , , , , , , , , , , , , , , , , , , , , , , , , , , , , , , , , , , , ,1
1063,2,40,2,1,2,3,3,1,1,2,2,2,9,4,5, , , , , , , , , , , , , , , , , , , , , , , , , , , , , , , , , , , , ,1
1076,1,49,2,1,4,3,4, , , , , , , , , , , , , , , , , , , , , , , , , , , , , , , , , , , , , , , , , , , , ,1
